-- phpMyAdmin SQL Dump
-- version 5.2.1
-- https://www.phpmyadmin.net/
--
-- Host: 127.0.0.1
-- Waktu pembuatan: 24 Des 2024 pada 10.05
-- Versi server: 10.4.32-MariaDB
-- Versi PHP: 8.0.30

SET SQL_MODE = "NO_AUTO_VALUE_ON_ZERO";
START TRANSACTION;
SET time_zone = "+00:00";


/*!40101 SET @OLD_CHARACTER_SET_CLIENT=@@CHARACTER_SET_CLIENT */;
/*!40101 SET @OLD_CHARACTER_SET_RESULTS=@@CHARACTER_SET_RESULTS */;
/*!40101 SET @OLD_COLLATION_CONNECTION=@@COLLATION_CONNECTION */;
/*!40101 SET NAMES utf8mb4 */;

--
-- Database: `pairol`
--

-- --------------------------------------------------------

--
-- Struktur dari tabel `absen`
--

CREATE TABLE `absen` (
  `id_absen` int(5) NOT NULL,
  `id_karyawan` int(3) NOT NULL,
  `jam_absen` time NOT NULL,
  `tanda_op` varchar(1) NOT NULL,
  `t_a` time NOT NULL,
  `denda_a` int(5) NOT NULL,
  `tgl_absen` date NOT NULL,
  `ket_absen` text NOT NULL,
  `real_jam` datetime NOT NULL
) ENGINE=InnoDB DEFAULT CHARSET=utf8mb4 COLLATE=utf8mb4_general_ci;

--
-- Dumping data untuk tabel `absen`
--

INSERT INTO `absen` (`id_absen`, `id_karyawan`, `jam_absen`, `tanda_op`, `t_a`, `denda_a`, `tgl_absen`, `ket_absen`, `real_jam`) VALUES
(1, 7, '09:59:42', 'Y', '00:00:00', 0, '2024-11-01', 'IN', '2024-12-18 09:00:00'),
(2, 7, '16:01:05', 'Y', '00:00:00', 0, '2024-11-01', 'OUT', '2024-12-18 09:00:00'),
(3, 7, '09:57:50', 'Y', '00:00:00', 0, '2024-11-02', 'IN', '2024-12-18 09:00:00'),
(4, 7, '16:00:47', 'Y', '00:00:00', 0, '2024-11-02', 'OUT', '2024-12-18 09:00:00'),
(5, 7, '09:58:10', 'Y', '00:00:00', 0, '2024-11-03', 'IN', '2024-12-18 09:00:00'),
(6, 7, '16:02:05', 'Y', '00:00:00', 0, '2024-11-03', 'OUT', '2024-12-18 09:00:00'),
(7, 7, '09:59:40', 'Y', '00:00:00', 0, '2024-11-04', 'IN', '2024-12-18 09:00:00'),
(8, 7, '16:01:45', 'Y', '00:00:00', 0, '2024-11-04', 'OUT', '2024-12-18 09:00:00'),
(9, 7, '09:46:39', 'Y', '00:00:00', 0, '2024-11-05', 'IN', '2024-12-18 09:00:00'),
(10, 7, '16:04:23', 'Y', '00:00:00', 0, '2024-11-05', 'OUT', '2024-12-18 09:00:00'),
(11, 7, '09:51:28', 'Y', '00:00:00', 0, '2024-11-06', 'IN', '2024-12-18 09:00:00'),
(12, 7, '16:03:31', 'Y', '00:00:00', 0, '2024-11-06', 'OUT', '2024-12-18 09:00:00'),
(13, 7, '09:53:40', 'Y', '00:00:00', 0, '2024-11-07', 'IN', '2024-12-18 09:00:00'),
(14, 7, '16:02:41', 'Y', '00:00:00', 0, '2024-11-07', 'OUT', '2024-12-18 09:00:00'),
(15, 7, '09:45:59', 'Y', '00:00:00', 0, '2024-11-08', 'IN', '2024-12-18 09:00:00'),
(16, 7, '16:04:17', 'Y', '00:00:00', 0, '2024-11-08', 'OUT', '2024-12-18 09:00:00'),
(17, 7, '09:48:46', 'Y', '00:00:00', 0, '2024-11-09', 'IN', '2024-12-18 09:00:00'),
(18, 7, '16:05:27', 'Y', '00:00:00', 0, '2024-11-09', 'OUT', '2024-12-18 09:00:00'),
(19, 7, '09:46:36', 'Y', '00:00:00', 0, '2024-11-10', 'IN', '2024-12-18 09:00:00'),
(20, 7, '16:03:37', 'Y', '00:00:00', 0, '2024-11-10', 'OUT', '2024-12-18 09:00:00'),
(21, 7, '09:44:52', 'Y', '00:00:00', 0, '2024-11-11', 'IN', '2024-12-18 09:00:00'),
(22, 7, '16:07:13', 'Y', '00:00:00', 0, '2024-11-11', 'OUT', '2024-12-18 09:00:00'),
(23, 7, '09:51:25', 'Y', '00:00:00', 0, '2024-11-12', 'IN', '2024-12-18 09:00:00'),
(24, 7, '16:02:46', 'Y', '00:00:00', 0, '2024-11-12', 'OUT', '2024-12-18 09:00:00'),
(25, 7, '09:47:30', 'Y', '00:00:00', 0, '2024-11-13', 'IN', '2024-12-18 09:00:00'),
(26, 7, '16:07:28', 'Y', '00:00:00', 0, '2024-11-13', 'OUT', '2024-12-18 09:00:00'),
(27, 7, '10:11:48', 'N', '00:11:00', 20000, '2024-11-14', 'IN', '2024-12-18 09:00:00'),
(28, 7, '16:08:49', 'Y', '00:00:00', 0, '2024-11-14', 'OUT', '2024-12-18 09:00:00'),
(29, 7, '09:47:00', 'Y', '00:00:00', 0, '2024-11-15', 'IN', '2024-12-18 09:00:00'),
(30, 7, '16:00:56', 'Y', '00:00:00', 0, '2024-11-15', 'OUT', '2024-12-18 09:00:00'),
(31, 7, '09:59:01', 'Y', '00:00:00', 0, '2024-11-16', 'IN', '2024-12-18 09:00:00'),
(32, 7, '16:14:07', 'Y', '00:00:00', 0, '2024-11-16', 'OUT', '2024-12-18 09:00:00'),
(33, 7, '09:57:19', 'Y', '00:00:00', 0, '2024-11-17', 'IN', '2024-12-18 09:00:00'),
(34, 7, '16:09:24', 'Y', '00:00:00', 0, '2024-11-17', 'OUT', '2024-12-18 09:00:00'),
(35, 7, '09:45:13', 'Y', '00:00:00', 0, '2024-11-18', 'IN', '2024-12-18 09:00:00'),
(36, 7, '16:05:35', 'Y', '00:00:00', 0, '2024-11-18', 'OUT', '2024-12-18 09:00:00'),
(37, 7, '09:52:41', 'Y', '00:00:00', 0, '2024-11-19', 'IN', '2024-12-18 09:00:00'),
(38, 7, '16:01:40', 'Y', '00:00:00', 0, '2024-11-19', 'OUT', '2024-12-18 09:00:00'),
(39, 7, '09:56:09', 'Y', '00:00:00', 0, '2024-11-20', 'IN', '2024-12-18 09:00:00'),
(40, 7, '16:02:45', 'Y', '00:00:00', 0, '2024-11-20', 'OUT', '2024-12-18 09:00:00'),
(41, 7, '09:49:03', 'Y', '00:00:00', 0, '2024-11-21', 'IN', '2024-12-18 09:00:00'),
(42, 7, '16:05:57', 'Y', '00:00:00', 0, '2024-11-21', 'OUT', '2024-12-18 09:00:00'),
(43, 7, '09:58:48', 'Y', '00:00:00', 0, '2024-11-22', 'IN', '2024-12-18 09:00:00'),
(44, 7, '16:10:31', 'Y', '00:00:00', 0, '2024-11-22', 'OUT', '2024-12-18 09:00:00'),
(45, 7, '09:47:29', 'Y', '00:00:00', 0, '2024-11-23', 'IN', '2024-12-18 09:00:00'),
(46, 7, '16:03:05', 'Y', '00:00:00', 0, '2024-11-23', 'OUT', '2024-12-18 09:00:00'),
(47, 7, '09:56:58', 'Y', '00:00:00', 0, '2024-11-24', 'IN', '2024-12-18 09:00:00'),
(48, 7, '16:02:37', 'Y', '00:00:00', 0, '2024-11-24', 'OUT', '2024-12-18 09:00:00'),
(49, 7, '09:50:16', 'Y', '00:00:00', 0, '2024-11-25', 'IN', '2024-12-18 09:00:00'),
(50, 7, '16:00:45', 'Y', '00:00:00', 0, '2024-11-25', 'OUT', '2024-12-18 09:00:00'),
(51, 7, '09:46:54', 'Y', '00:00:00', 0, '2024-11-26', 'IN', '2024-12-18 09:00:00'),
(52, 7, '16:01:18', 'Y', '00:00:00', 0, '2024-11-26', 'OUT', '2024-12-18 09:00:00'),
(53, 7, '09:53:41', 'Y', '00:00:00', 0, '2024-11-27', 'IN', '2024-12-18 09:00:00'),
(54, 7, '16:09:12', 'Y', '00:00:00', 0, '2024-11-27', 'OUT', '2024-12-18 09:00:00'),
(55, 7, '09:59:06', 'Y', '00:00:00', 0, '2024-11-28', 'IN', '2024-12-18 09:00:00'),
(56, 7, '16:14:37', 'Y', '00:00:00', 0, '2024-11-28', 'OUT', '2024-12-18 09:00:00'),
(57, 7, '09:36:41', 'Y', '00:00:00', 0, '2024-11-29', 'IN', '2024-12-18 09:00:00'),
(58, 7, '16:06:11', 'Y', '00:00:00', 0, '2024-11-29', 'OUT', '2024-12-18 09:00:00'),
(59, 7, '09:55:20', 'Y', '00:00:00', 0, '2024-11-30', 'IN', '2024-12-18 09:00:00'),
(60, 7, '16:12:17', 'Y', '00:00:00', 0, '2024-11-30', 'OUT', '2024-12-18 09:00:00'),
(61, 8, '09:48:52', 'Y', '00:00:00', 0, '2024-11-01', 'IN', '2024-12-18 09:00:00'),
(62, 8, '16:03:59', 'Y', '00:00:00', 0, '2024-11-01', 'OUT', '2024-12-18 09:00:00'),
(63, 8, '09:57:42', 'Y', '00:00:00', 0, '2024-11-02', 'IN', '2024-12-18 09:00:00'),
(64, 8, '16:07:37', 'Y', '00:00:00', 0, '2024-11-02', 'OUT', '2024-12-18 09:00:00'),
(65, 8, '09:52:06', 'Y', '00:00:00', 0, '2024-11-03', 'IN', '2024-12-18 09:00:00'),
(66, 8, '16:10:43', 'Y', '00:00:00', 0, '2024-11-03', 'OUT', '2024-12-18 09:00:00'),
(67, 8, '09:45:25', 'Y', '00:00:00', 0, '2024-11-04', 'IN', '2024-12-18 09:00:00'),
(68, 8, '16:08:28', 'Y', '00:00:00', 0, '2024-11-04', 'OUT', '2024-12-18 09:00:00'),
(69, 8, '09:50:34', 'Y', '00:00:00', 0, '2024-11-05', 'IN', '2024-12-18 09:00:00'),
(70, 8, '16:07:14', 'Y', '00:00:00', 0, '2024-11-05', 'OUT', '2024-12-18 09:00:00'),
(71, 8, '09:56:58', 'Y', '00:00:00', 0, '2024-11-06', 'IN', '2024-12-18 09:00:00'),
(72, 8, '16:14:00', 'Y', '00:00:00', 0, '2024-11-06', 'OUT', '2024-12-18 09:00:00'),
(73, 8, '09:47:05', 'Y', '00:00:00', 0, '2024-11-07', 'IN', '2024-12-18 09:00:00'),
(74, 8, '16:05:27', 'Y', '00:00:00', 0, '2024-11-07', 'OUT', '2024-12-18 09:00:00'),
(75, 8, '09:45:55', 'Y', '00:00:00', 0, '2024-11-08', 'IN', '2024-12-18 09:00:00'),
(76, 8, '16:10:07', 'Y', '00:00:00', 0, '2024-11-08', 'OUT', '2024-12-18 09:00:00'),
(77, 8, '09:56:17', 'Y', '00:00:00', 0, '2024-11-09', 'IN', '2024-12-18 09:00:00'),
(78, 8, '16:11:56', 'Y', '00:00:00', 0, '2024-11-09', 'OUT', '2024-12-18 09:00:00'),
(79, 8, '09:54:42', 'Y', '00:00:00', 0, '2024-11-10', 'IN', '2024-12-18 09:00:00'),
(80, 8, '16:08:34', 'Y', '00:00:00', 0, '2024-11-10', 'OUT', '2024-12-18 09:00:00'),
(81, 8, '09:57:12', 'Y', '00:00:00', 0, '2024-11-11', 'IN', '2024-12-18 09:00:00'),
(82, 8, '16:01:55', 'Y', '00:00:00', 0, '2024-11-11', 'OUT', '2024-12-18 09:00:00'),
(83, 8, '09:52:18', 'Y', '00:00:00', 0, '2024-11-12', 'IN', '2024-12-18 09:00:00'),
(84, 8, '16:00:45', 'Y', '00:00:00', 0, '2024-11-12', 'OUT', '2024-12-18 09:00:00'),
(85, 8, '09:59:11', 'Y', '00:00:00', 0, '2024-11-13', 'IN', '2024-12-18 09:00:00'),
(86, 8, '16:05:45', 'Y', '00:00:00', 0, '2024-11-13', 'OUT', '2024-12-18 09:00:00'),
(87, 8, '09:54:19', 'N', '00:11:00', 20000, '2024-11-14', 'IN', '2024-12-18 09:00:00'),
(88, 8, '16:08:11', 'Y', '00:00:00', 0, '2024-11-14', 'OUT', '2024-12-18 09:00:00'),
(89, 8, '09:56:48', 'Y', '00:00:00', 0, '2024-11-15', 'IN', '2024-12-18 09:00:00'),
(90, 8, '16:04:38', 'Y', '00:00:00', 0, '2024-11-15', 'OUT', '2024-12-18 09:00:00'),
(91, 8, '09:45:59', 'Y', '00:00:00', 0, '2024-11-16', 'IN', '2024-12-18 09:00:00'),
(92, 8, '16:03:55', 'Y', '00:00:00', 0, '2024-11-16', 'OUT', '2024-12-18 09:00:00'),
(93, 8, '09:54:10', 'Y', '00:00:00', 0, '2024-11-17', 'IN', '2024-12-18 09:00:00'),
(94, 8, '16:00:15', 'Y', '00:00:00', 0, '2024-11-17', 'OUT', '2024-12-18 09:00:00'),
(95, 8, '09:57:44', 'Y', '00:00:00', 0, '2024-11-18', 'IN', '2024-12-18 09:00:00'),
(96, 8, '16:01:54', 'Y', '00:00:00', 0, '2024-11-18', 'OUT', '2024-12-18 09:00:00'),
(97, 8, '09:57:42', 'Y', '00:00:00', 0, '2024-11-19', 'IN', '2024-12-18 09:00:00'),
(98, 8, '16:09:45', 'Y', '00:00:00', 0, '2024-11-19', 'OUT', '2024-12-18 09:00:00'),
(99, 8, '09:55:47', 'Y', '00:00:00', 0, '2024-11-20', 'IN', '2024-12-18 09:00:00'),
(100, 8, '16:10:56', 'Y', '00:00:00', 0, '2024-11-20', 'OUT', '2024-12-18 09:00:00'),
(101, 8, '09:59:47', 'Y', '00:00:00', 0, '2024-11-21', 'IN', '2024-12-18 09:00:00'),
(102, 8, '16:00:49', 'Y', '00:00:00', 0, '2024-11-21', 'OUT', '2024-12-18 09:00:00'),
(103, 8, '09:54:11', 'Y', '00:00:00', 0, '2024-11-22', 'IN', '2024-12-18 09:00:00'),
(104, 8, '16:08:54', 'Y', '00:00:00', 0, '2024-11-22', 'OUT', '2024-12-18 09:00:00'),
(105, 8, '09:52:19', 'Y', '00:00:00', 0, '2024-11-23', 'IN', '2024-12-18 09:00:00'),
(106, 8, '16:01:42', 'Y', '00:00:00', 0, '2024-11-23', 'OUT', '2024-12-18 09:00:00'),
(107, 8, '09:55:31', 'Y', '00:00:00', 0, '2024-11-24', 'IN', '2024-12-18 09:00:00'),
(108, 8, '16:05:44', 'Y', '00:00:00', 0, '2024-11-24', 'OUT', '2024-12-18 09:00:00'),
(109, 8, '09:59:05', 'Y', '00:00:00', 0, '2024-11-25', 'IN', '2024-12-18 09:00:00'),
(110, 8, '16:07:55', 'Y', '00:00:00', 0, '2024-11-25', 'OUT', '2024-12-18 09:00:00'),
(111, 8, '09:49:16', 'Y', '00:00:00', 0, '2024-11-26', 'IN', '2024-12-18 09:00:00'),
(112, 8, '16:03:44', 'Y', '00:00:00', 0, '2024-11-26', 'OUT', '2024-12-18 09:00:00'),
(113, 8, '09:53:46', 'Y', '00:00:00', 0, '2024-11-27', 'IN', '2024-12-18 09:00:00'),
(114, 8, '16:01:10', 'Y', '00:00:00', 0, '2024-11-27', 'OUT', '2024-12-18 09:00:00'),
(115, 8, '09:58:34', 'Y', '00:00:00', 0, '2024-11-28', 'IN', '2024-12-18 09:00:00'),
(116, 8, '16:00:56', 'Y', '00:00:00', 0, '2024-11-28', 'OUT', '2024-12-18 09:00:00'),
(117, 8, '09:49:18', 'Y', '00:00:00', 0, '2024-11-29', 'IN', '2024-12-18 09:00:00'),
(118, 8, '16:07:14', 'Y', '00:00:00', 0, '2024-11-29', 'OUT', '2024-12-18 09:00:00'),
(119, 8, '09:58:46', 'Y', '00:00:00', 0, '2024-11-30', 'IN', '2024-12-18 09:00:00'),
(120, 8, '16:15:47', 'Y', '00:00:00', 0, '2024-11-30', 'OUT', '2024-12-18 09:00:00'),
(121, 9, '09:49:02', 'Y', '00:00:00', 0, '2024-11-01', 'IN', '2024-12-18 09:00:00'),
(122, 9, '16:06:25', 'Y', '00:00:00', 0, '2024-11-01', 'OUT', '2024-12-18 09:00:00'),
(123, 9, '09:56:24', 'Y', '00:00:00', 0, '2024-11-02', 'IN', '2024-12-18 09:00:00'),
(124, 9, '16:15:48', 'Y', '00:00:00', 0, '2024-11-02', 'OUT', '2024-12-18 09:00:00'),
(125, 9, '09:43:10', 'Y', '00:00:00', 0, '2024-11-03', 'IN', '2024-12-18 09:00:00'),
(126, 9, '16:04:26', 'Y', '00:00:00', 0, '2024-11-03', 'OUT', '2024-12-18 09:00:00'),
(127, 9, '09:51:13', 'Y', '00:00:00', 0, '2024-11-04', 'IN', '2024-12-18 09:00:00'),
(128, 9, '16:12:59', 'Y', '00:00:00', 0, '2024-11-04', 'OUT', '2024-12-18 09:00:00'),
(129, 9, '09:58:36', 'Y', '00:00:00', 0, '2024-11-05', 'IN', '2024-12-18 09:00:00'),
(130, 9, '16:03:57', 'Y', '00:00:00', 0, '2024-11-05', 'OUT', '2024-12-18 09:00:00'),
(131, 9, '09:47:35', 'Y', '00:00:00', 0, '2024-11-06', 'IN', '2024-12-18 09:00:00'),
(132, 9, '16:05:24', 'Y', '00:00:00', 0, '2024-11-06', 'OUT', '2024-12-18 09:00:00'),
(133, 9, '09:54:50', 'Y', '00:00:00', 0, '2024-11-07', 'IN', '2024-12-18 09:00:00'),
(134, 9, '16:07:45', 'Y', '00:00:00', 0, '2024-11-07', 'OUT', '2024-12-18 09:00:00'),
(135, 9, '09:51:00', 'Y', '00:00:00', 0, '2024-11-08', 'IN', '2024-12-18 09:00:00'),
(136, 9, '16:02:57', 'Y', '00:00:00', 0, '2024-11-08', 'OUT', '2024-12-18 09:00:00'),
(137, 9, '09:55:24', 'Y', '00:00:00', 0, '2024-11-09', 'IN', '2024-12-18 09:00:00'),
(138, 9, '16:03:19', 'Y', '00:00:00', 0, '2024-11-09', 'OUT', '2024-12-18 09:00:00'),
(139, 9, '09:52:13', 'Y', '00:00:00', 0, '2024-11-10', 'IN', '2024-12-18 09:00:00'),
(140, 9, '16:14:36', 'Y', '00:00:00', 0, '2024-11-10', 'OUT', '2024-12-18 09:00:00'),
(141, 9, '09:45:25', 'Y', '00:00:00', 0, '2024-11-11', 'IN', '2024-12-18 09:00:00'),
(142, 9, '16:07:18', 'Y', '00:00:00', 0, '2024-11-11', 'OUT', '2024-12-18 09:00:00'),
(143, 9, '09:37:59', 'Y', '00:00:00', 0, '2024-11-12', 'IN', '2024-12-18 09:00:00'),
(144, 9, '16:08:12', 'Y', '00:00:00', 0, '2024-11-12', 'OUT', '2024-12-18 09:00:00'),
(145, 9, '09:40:49', 'Y', '00:00:00', 0, '2024-11-13', 'IN', '2024-12-18 09:00:00'),
(146, 9, '16:15:41', 'Y', '00:00:00', 0, '2024-11-13', 'OUT', '2024-12-18 09:00:00'),
(147, 9, '09:43:28', 'Y', '00:00:00', 0, '2024-11-14', 'IN', '2024-12-18 09:00:00'),
(148, 9, '16:11:45', 'Y', '00:00:00', 0, '2024-11-14', 'OUT', '2024-12-18 09:00:00'),
(149, 9, '09:48:41', 'Y', '00:00:00', 0, '2024-11-15', 'IN', '2024-12-18 09:00:00'),
(150, 9, '16:17:21', 'Y', '00:00:00', 0, '2024-11-15', 'OUT', '2024-12-18 09:00:00'),
(151, 9, '09:50:15', 'Y', '00:00:00', 0, '2024-11-16', 'IN', '2024-12-18 09:00:00'),
(152, 9, '16:10:05', 'Y', '00:00:00', 0, '2024-11-16', 'OUT', '2024-12-18 09:00:00'),
(153, 9, '09:47:29', 'Y', '00:00:00', 0, '2024-11-17', 'IN', '2024-12-18 09:00:00'),
(154, 9, '16:03:32', 'Y', '00:00:00', 0, '2024-11-17', 'OUT', '2024-12-18 09:00:00'),
(155, 9, '09:45:57', 'Y', '00:00:00', 0, '2024-11-18', 'IN', '2024-12-18 09:00:00'),
(156, 9, '16:02:55', 'Y', '00:00:00', 0, '2024-11-18', 'OUT', '2024-12-18 09:00:00'),
(157, 9, '09:51:03', 'Y', '00:00:00', 0, '2024-11-19', 'IN', '2024-12-18 09:00:00'),
(158, 9, '16:11:51', 'Y', '00:00:00', 0, '2024-11-19', 'OUT', '2024-12-18 09:00:00'),
(159, 9, '09:46:16', 'Y', '00:00:00', 0, '2024-11-20', 'IN', '2024-12-18 09:00:00'),
(160, 9, '16:01:49', 'Y', '00:00:00', 0, '2024-11-20', 'OUT', '2024-12-18 09:00:00'),
(161, 9, '09:55:28', 'Y', '00:00:00', 0, '2024-11-21', 'IN', '2024-12-18 09:00:00'),
(162, 9, '16:09:30', 'Y', '00:00:00', 0, '2024-11-21', 'OUT', '2024-12-18 09:00:00'),
(163, 9, '09:50:17', 'Y', '00:00:00', 0, '2024-11-22', 'IN', '2024-12-18 09:00:00'),
(164, 9, '16:05:26', 'Y', '00:00:00', 0, '2024-11-22', 'OUT', '2024-12-18 09:00:00'),
(165, 9, '09:57:09', 'Y', '00:00:00', 0, '2024-11-23', 'IN', '2024-12-18 09:00:00'),
(166, 9, '16:06:12', 'Y', '00:00:00', 0, '2024-11-23', 'OUT', '2024-12-18 09:00:00'),
(167, 9, '10:10:56', 'N', '00:10:56', 20000, '2024-11-24', 'IN', '2024-12-18 09:00:00'),
(168, 9, '16:02:45', 'Y', '00:00:00', 0, '2024-11-24', 'OUT', '2024-12-18 09:00:00'),
(169, 9, '09:45:16', 'Y', '00:00:00', 0, '2024-11-25', 'IN', '2024-12-18 09:00:00'),
(170, 9, '16:10:23', 'Y', '00:00:00', 0, '2024-11-25', 'OUT', '2024-12-18 09:00:00'),
(171, 9, '09:47:42', 'Y', '00:00:00', 0, '2024-11-26', 'IN', '2024-12-18 09:00:00'),
(172, 9, '16:03:36', 'Y', '00:00:00', 0, '2024-11-26', 'OUT', '2024-12-18 09:00:00'),
(173, 9, '09:51:27', 'Y', '00:00:00', 0, '2024-11-27', 'IN', '2024-12-18 09:00:00'),
(174, 9, '16:09:19', 'Y', '00:00:00', 0, '2024-11-27', 'OUT', '2024-12-18 09:00:00'),
(175, 9, '09:46:12', 'Y', '00:00:00', 0, '2024-11-28', 'IN', '2024-12-18 09:00:00'),
(176, 9, '16:11:26', 'Y', '00:00:00', 0, '2024-11-28', 'OUT', '2024-12-18 09:00:00'),
(177, 9, '09:50:17', 'Y', '00:00:00', 0, '2024-11-29', 'IN', '2024-12-18 09:00:00'),
(178, 9, '16:03:53', 'Y', '00:00:00', 0, '2024-11-29', 'OUT', '2024-12-18 09:00:00'),
(179, 9, '09:48:46', 'Y', '00:00:00', 0, '2024-11-30', 'IN', '2024-12-18 09:00:00'),
(180, 9, '16:05:55', 'Y', '00:00:00', 0, '2024-11-30', 'OUT', '2024-12-18 09:00:00'),
(181, 10, '15:59:09', 'Y', '00:00:00', 0, '2024-11-01', 'IN', '2024-12-18 09:00:00'),
(182, 10, '00:01:20', 'Y', '00:00:00', 0, '2024-11-01', 'OUT', '2024-12-18 09:00:00'),
(183, 10, '15:58:09', 'Y', '00:00:00', 0, '2024-11-02', 'IN', '2024-12-18 09:00:00'),
(184, 10, '00:00:12', 'Y', '00:00:00', 0, '2024-11-02', 'OUT', '2024-12-18 09:00:00'),
(185, 10, '15:55:08', 'Y', '00:00:00', 0, '2024-11-03', 'IN', '2024-12-18 09:00:00'),
(186, 10, '00:05:58', 'Y', '00:00:00', 0, '2024-11-03', 'OUT', '2024-12-18 09:00:00'),
(187, 10, '15:57:54', 'Y', '00:00:00', 0, '2024-11-04', 'IN', '2024-12-18 09:00:00'),
(188, 10, '00:08:10', 'Y', '00:00:00', 0, '2024-11-04', 'OUT', '2024-12-18 09:00:00'),
(189, 10, '15:54:01', 'Y', '00:00:00', 0, '2024-11-05', 'IN', '2024-12-18 09:00:00'),
(190, 10, '00:02:10', 'Y', '00:00:00', 0, '2024-11-05', 'OUT', '2024-12-18 09:00:00'),
(191, 10, '16:01:08', 'N', '00:01:08', 20000, '2024-11-06', 'IN', '2024-12-18 09:00:00'),
(192, 10, '00:02:06', 'Y', '00:00:00', 0, '2024-11-06', 'OUT', '2024-12-18 09:00:00'),
(193, 10, '15:45:15', 'Y', '00:00:00', 0, '2024-11-07', 'IN', '2024-12-18 09:00:00'),
(194, 10, '00:09:58', 'Y', '00:00:00', 0, '2024-11-07', 'OUT', '2024-12-18 09:00:00'),
(195, 10, '15:55:09', 'Y', '00:00:00', 0, '2024-11-08', 'IN', '2024-12-18 09:00:00'),
(196, 10, '00:05:23', 'Y', '00:00:00', 0, '2024-11-08', 'OUT', '2024-12-18 09:00:00'),
(197, 10, '15:54:04', 'Y', '00:00:00', 0, '2024-11-09', 'IN', '2024-12-18 09:00:00'),
(198, 10, '00:04:56', 'Y', '00:00:00', 0, '2024-11-09', 'OUT', '2024-12-18 09:00:00'),
(199, 10, '15:49:59', 'Y', '00:00:00', 0, '2024-11-10', 'IN', '2024-12-18 09:00:00'),
(200, 10, '00:03:18', 'Y', '00:00:00', 0, '2024-11-10', 'OUT', '2024-12-18 09:00:00'),
(201, 10, '15:59:05', 'Y', '00:00:00', 0, '2024-11-11', 'IN', '2024-12-18 09:00:00'),
(202, 10, '00:02:22', 'Y', '00:00:00', 0, '2024-11-11', 'OUT', '2024-12-18 09:00:00'),
(203, 10, '15:49:10', 'Y', '00:00:00', 0, '2024-11-12', 'IN', '2024-12-18 09:00:00'),
(204, 10, '00:09:12', 'Y', '00:00:00', 0, '2024-11-12', 'OUT', '2024-12-18 09:00:00'),
(205, 10, '15:58:15', 'Y', '00:00:00', 0, '2024-11-13', 'IN', '2024-12-18 09:00:00'),
(206, 10, '00:00:25', 'Y', '00:00:00', 0, '2024-11-13', 'OUT', '2024-12-18 09:00:00'),
(207, 10, '15:49:59', 'Y', '00:00:00', 0, '2024-11-14', 'IN', '2024-12-18 09:00:00'),
(208, 10, '00:05:10', 'Y', '00:00:00', 0, '2024-11-14', 'OUT', '2024-12-18 09:00:00'),
(209, 10, '16:05:59', 'N', '00:05:59', 20000, '2024-11-15', 'IN', '2024-12-18 09:00:00'),
(210, 10, '00:08:01', 'Y', '00:00:00', 0, '2024-11-15', 'OUT', '2024-12-18 09:00:00'),
(211, 10, '15:54:50', 'Y', '00:00:00', 0, '2024-11-16', 'IN', '2024-12-18 09:00:00'),
(212, 10, '00:00:59', 'Y', '00:00:00', 0, '2024-11-16', 'OUT', '2024-12-18 09:00:00'),
(213, 10, '15:44:50', 'Y', '00:00:00', 0, '2024-11-17', 'IN', '2024-12-18 09:00:00'),
(214, 10, '00:02:42', 'Y', '00:00:00', 0, '2024-11-17', 'OUT', '2024-12-18 09:00:00'),
(215, 10, '15:57:02', 'Y', '00:00:00', 0, '2024-11-18', 'IN', '2024-12-18 09:00:00'),
(216, 10, '00:03:30', 'Y', '00:00:00', 0, '2024-11-18', 'OUT', '2024-12-18 09:00:00'),
(217, 10, '15:56:45', 'Y', '00:00:00', 0, '2024-11-19', 'IN', '2024-12-18 09:00:00'),
(218, 10, '00:00:10', 'Y', '00:00:00', 0, '2024-11-19', 'OUT', '2024-12-18 09:00:00'),
(219, 10, '15:50:42', 'Y', '00:00:00', 0, '2024-11-20', 'IN', '2024-12-18 09:00:00'),
(220, 10, '00:10:01', 'Y', '00:00:00', 0, '2024-11-20', 'OUT', '2024-12-18 09:00:00'),
(221, 10, '15:55:42', 'Y', '00:00:00', 0, '2024-11-21', 'IN', '2024-12-18 09:00:00'),
(222, 10, '00:49:10', 'Y', '00:00:00', 0, '2024-11-21', 'OUT', '2024-12-18 09:00:00'),
(223, 10, '15:56:40', 'Y', '00:00:00', 0, '2024-11-22', 'IN', '2024-12-18 09:00:00'),
(224, 10, '00:00:17', 'Y', '00:00:00', 0, '2024-11-22', 'OUT', '2024-12-18 09:00:00'),
(225, 10, '15:59:15', 'Y', '00:00:00', 0, '2024-11-23', 'IN', '2024-12-18 09:00:00'),
(226, 10, '00:03:22', 'Y', '00:00:00', 0, '2024-11-23', 'OUT', '2024-12-18 09:00:00'),
(227, 10, '15:53:17', 'Y', '00:00:00', 0, '2024-11-24', 'IN', '2024-12-18 09:00:00'),
(228, 10, '00:05:20', 'Y', '00:00:00', 0, '2024-11-24', 'OUT', '2024-12-18 09:00:00'),
(229, 10, '15:59:05', 'Y', '00:00:00', 0, '2024-11-25', 'IN', '2024-12-18 09:00:00'),
(230, 10, '00:05:17', 'Y', '00:00:00', 0, '2024-11-25', 'OUT', '2024-12-18 09:00:00'),
(231, 10, '15:56:44', 'Y', '00:00:00', 0, '2024-11-26', 'IN', '2024-12-18 09:00:00'),
(232, 10, '00:07:56', 'Y', '00:00:00', 0, '2024-11-26', 'OUT', '2024-12-18 09:00:00'),
(233, 10, '15:52:18', 'Y', '00:00:00', 0, '2024-11-27', 'IN', '2024-12-18 09:00:00'),
(234, 10, '00:00:57', 'Y', '00:00:00', 0, '2024-11-27', 'OUT', '2024-12-18 09:00:00'),
(235, 10, '15:58:44', 'Y', '00:00:00', 0, '2024-11-28', 'IN', '2024-12-18 09:00:00'),
(236, 10, '00:07:01', 'Y', '00:00:00', 0, '2024-11-28', 'OUT', '2024-12-18 09:00:00'),
(237, 10, '15:52:55', 'Y', '00:00:00', 0, '2024-11-29', 'IN', '2024-12-18 09:00:00'),
(238, 10, '00:00:09', 'Y', '00:00:00', 0, '2024-11-29', 'OUT', '2024-12-18 09:00:00'),
(239, 10, '15:54:58', 'Y', '00:00:00', 0, '2024-11-30', 'IN', '2024-12-18 09:00:00'),
(240, 10, '00:01:52', 'Y', '00:00:00', 0, '2024-11-30', 'OUT', '2024-12-18 09:00:00'),
(241, 11, '15:59:12', 'Y', '00:00:00', 0, '2024-11-01', 'IN', '2024-12-18 09:00:00'),
(242, 11, '00:09:55', 'Y', '00:00:00', 0, '2024-11-01', 'OUT', '2024-12-18 09:00:00'),
(243, 11, '15:58:09', 'Y', '00:00:00', 0, '2024-11-02', 'IN', '2024-12-18 09:00:00'),
(244, 11, '00:01:20', 'Y', '00:00:00', 0, '2024-11-02', 'OUT', '2024-12-18 09:00:00'),
(245, 11, '15:57:00', 'Y', '00:00:00', 0, '2024-11-03', 'IN', '2024-12-18 09:00:00'),
(246, 11, '00:00:55', 'Y', '00:00:00', 0, '2024-11-03', 'OUT', '2024-12-18 09:00:00'),
(247, 11, '16:05:23', 'N', '00:05:24', 0, '2024-11-04', 'IN', '2024-12-18 09:00:00'),
(248, 11, '00:04:35', 'Y', '00:00:00', 0, '2024-11-04', 'OUT', '2024-12-18 09:00:00'),
(249, 11, '15:45:10', 'Y', '00:00:00', 0, '2024-11-05', 'IN', '2024-12-18 09:00:00'),
(250, 11, '00:01:50', 'Y', '00:00:00', 0, '2024-11-05', 'OUT', '2024-12-18 09:00:00'),
(251, 11, '15:58:09', 'Y', '00:00:00', 0, '2024-11-06', 'IN', '2024-12-18 09:00:00'),
(252, 11, '00:04:55', 'Y', '00:00:00', 0, '2024-11-06', 'OUT', '2024-12-18 09:00:00'),
(253, 11, '15:56:17', 'Y', '00:00:00', 0, '2024-11-07', 'IN', '2024-12-18 09:00:00'),
(254, 11, '00:09:14', 'Y', '00:00:00', 0, '2024-11-07', 'OUT', '2024-12-18 09:00:00'),
(255, 11, '15:57:11', 'Y', '00:00:00', 0, '2024-11-08', 'IN', '2024-12-18 09:00:00'),
(256, 11, '00:07:10', 'Y', '00:00:00', 0, '2024-11-08', 'OUT', '2024-12-18 09:00:00'),
(257, 11, '15:52:18', 'Y', '00:00:00', 0, '2024-11-09', 'IN', '2024-12-18 09:00:00'),
(258, 11, '00:08:54', 'Y', '00:00:00', 0, '2024-11-09', 'OUT', '2024-12-18 09:00:00'),
(259, 11, '15:56:12', 'Y', '00:00:00', 0, '2024-11-10', 'IN', '2024-12-18 09:00:00'),
(260, 11, '00:08:49', 'Y', '00:00:00', 0, '2024-11-10', 'OUT', '2024-12-18 09:00:00'),
(261, 11, '15:45:07', 'Y', '00:00:00', 0, '2024-11-11', 'IN', '2024-12-18 09:00:00'),
(262, 11, '00:03:15', 'Y', '00:00:00', 0, '2024-11-11', 'OUT', '2024-12-18 09:00:00'),
(263, 11, '15:42:09', 'Y', '00:00:00', 0, '2024-11-12', 'IN', '2024-12-18 09:00:00'),
(264, 11, '00:09:55', 'Y', '00:00:00', 0, '2024-11-12', 'OUT', '2024-12-18 09:00:00'),
(265, 11, '15:56:17', 'Y', '00:00:00', 0, '2024-11-13', 'IN', '2024-12-18 09:00:00'),
(266, 11, '00:07:18', 'Y', '00:00:00', 0, '2024-11-13', 'OUT', '2024-12-18 09:00:00'),
(267, 11, '15:54:05', 'Y', '00:00:00', 0, '2024-11-14', 'IN', '2024-12-18 09:00:00'),
(268, 11, '00:01:11', 'Y', '00:00:00', 0, '2024-11-14', 'OUT', '2024-12-18 09:00:00'),
(269, 11, '15:53:18', 'Y', '00:00:00', 0, '2024-11-15', 'IN', '2024-12-18 09:00:00'),
(270, 11, '00:01:58', 'Y', '00:00:00', 0, '2024-11-15', 'OUT', '2024-12-18 09:00:00'),
(271, 11, '15:52:19', 'Y', '00:00:00', 0, '2024-11-16', 'IN', '2024-12-18 09:00:00'),
(272, 11, '00:09:12', 'Y', '00:00:00', 0, '2024-11-16', 'OUT', '2024-12-18 09:00:00'),
(273, 11, '15:55:10', 'Y', '00:00:00', 0, '2024-11-17', 'IN', '2024-12-18 09:00:00'),
(274, 11, '00:06:56', 'Y', '00:00:00', 0, '2024-11-17', 'OUT', '2024-12-18 09:00:00'),
(275, 11, '15:55:45', 'Y', '00:00:00', 0, '2024-11-18', 'IN', '2024-12-18 09:00:00'),
(276, 11, '00:01:19', 'Y', '00:00:00', 0, '2024-11-18', 'OUT', '2024-12-18 09:00:00'),
(277, 11, '15:58:55', 'Y', '00:00:00', 0, '2024-11-19', 'IN', '2024-12-18 09:00:00'),
(278, 11, '00:00:25', 'Y', '00:00:00', 0, '2024-11-19', 'OUT', '2024-12-18 09:00:00'),
(279, 11, '15:59:56', 'Y', '00:00:00', 0, '2024-11-20', 'IN', '2024-12-18 09:00:00'),
(280, 11, '00:09:10', 'Y', '00:00:00', 0, '2024-11-20', 'OUT', '2024-12-18 09:00:00'),
(281, 11, '15:57:56', 'Y', '00:00:00', 0, '2024-11-21', 'IN', '2024-12-18 09:00:00'),
(282, 11, '00:02:22', 'Y', '00:00:00', 0, '2024-11-21', 'OUT', '2024-12-18 09:00:00'),
(283, 11, '15:58:07', 'Y', '00:00:00', 0, '2024-11-22', 'IN', '2024-12-18 09:00:00'),
(284, 11, '00:00:50', 'Y', '00:00:00', 0, '2024-11-22', 'OUT', '2024-12-18 09:00:00'),
(285, 11, '15:47:58', 'Y', '00:00:00', 0, '2024-11-23', 'IN', '2024-12-18 09:00:00'),
(286, 11, '00:05:55', 'Y', '00:00:00', 0, '2024-11-23', 'OUT', '2024-12-18 09:00:00'),
(287, 11, '15:56:07', 'Y', '00:00:00', 0, '2024-11-24', 'IN', '2024-12-18 09:00:00'),
(288, 11, '00:02:46', 'Y', '00:00:00', 0, '2024-11-24', 'OUT', '2024-12-18 09:00:00'),
(289, 11, '15:59:09', 'Y', '00:00:00', 0, '2024-11-25', 'IN', '2024-12-18 09:00:00'),
(290, 11, '00:06:23', 'Y', '00:00:00', 0, '2024-11-25', 'OUT', '2024-12-18 09:00:00'),
(291, 11, '15:54:25', 'Y', '00:00:00', 0, '2024-11-26', 'IN', '2024-12-18 09:00:00'),
(292, 11, '00:00:57', 'Y', '00:00:00', 0, '2024-11-26', 'OUT', '2024-12-18 09:00:00'),
(293, 11, '15:45:09', 'Y', '00:00:00', 0, '2024-11-27', 'IN', '2024-12-18 09:00:00'),
(294, 11, '00:01:56', 'Y', '00:00:00', 0, '2024-11-27', 'OUT', '2024-12-18 09:00:00'),
(295, 11, '15:55:09', 'Y', '00:00:00', 0, '2024-11-28', 'IN', '2024-12-18 09:00:00'),
(296, 11, '00:07:58', 'Y', '00:00:00', 0, '2024-11-28', 'OUT', '2024-12-18 09:00:00'),
(297, 11, '15:57:55', 'Y', '00:00:00', 0, '2024-11-29', 'IN', '2024-12-18 09:00:00'),
(298, 11, '00:08:11', 'Y', '00:00:00', 0, '2024-11-29', 'OUT', '2024-12-18 09:00:00'),
(299, 11, '15:47:28', 'Y', '00:00:00', 0, '2024-11-30', 'IN', '2024-12-18 09:00:00'),
(300, 11, '00:09:45', 'Y', '00:00:00', 0, '2024-11-30', 'OUT', '2024-12-18 09:00:00'),
(301, 12, '15:58:09', 'Y', '00:00:00', 0, '2024-11-01', 'IN', '2024-12-18 09:00:00'),
(302, 12, '00:05:54', 'Y', '00:00:00', 0, '2024-11-01', 'OUT', '2024-12-18 09:00:00'),
(303, 12, '15:55:09', 'Y', '00:00:00', 0, '2024-11-02', 'IN', '2024-12-18 09:00:00'),
(304, 12, '00:00:45', 'Y', '00:00:00', 0, '2024-11-02', 'OUT', '2024-12-18 09:00:00'),
(305, 12, '15:56:34', 'Y', '00:00:00', 0, '2024-11-03', 'IN', '2024-12-18 09:00:00'),
(306, 12, '00:45:57', 'Y', '00:00:00', 0, '2024-11-03', 'OUT', '2024-12-18 09:00:00'),
(307, 12, '15:52:22', 'Y', '00:00:00', 0, '2024-11-04', 'IN', '2024-12-18 09:00:00'),
(308, 12, '00:01:28', 'Y', '00:00:00', 0, '2024-11-04', 'OUT', '2024-12-18 09:00:00'),
(309, 12, '15:59:01', 'Y', '00:00:00', 0, '2024-11-05', 'IN', '2024-12-18 09:00:00'),
(310, 12, '00:08:40', 'Y', '00:00:00', 0, '2024-11-05', 'OUT', '2024-12-18 09:00:00'),
(311, 12, '15:57:22', 'Y', '00:00:00', 0, '2024-11-07', 'IN', '2024-12-18 09:00:00'),
(312, 12, '00:00:58', 'Y', '00:00:00', 0, '2024-11-07', 'OUT', '2024-12-18 09:00:00'),
(313, 12, '15:55:59', 'Y', '00:00:00', 0, '2024-11-08', 'IN', '2024-12-18 09:00:00'),
(314, 12, '00:04:39', 'Y', '00:00:00', 0, '2024-11-08', 'OUT', '2024-12-18 09:00:00'),
(315, 12, '15:57:03', 'Y', '00:00:00', 0, '2024-11-09', 'IN', '2024-12-18 09:00:00'),
(316, 12, '00:03:30', 'Y', '00:00:00', 0, '2024-11-09', 'OUT', '2024-12-18 09:00:00'),
(317, 12, '15:56:07', 'Y', '00:00:00', 0, '2024-11-10', 'IN', '2024-12-18 09:00:00'),
(318, 12, '00:01:56', 'Y', '00:00:00', 0, '2024-11-10', 'OUT', '2024-12-18 09:00:00'),
(319, 12, '15:49:58', 'Y', '00:00:00', 0, '2024-11-11', 'IN', '2024-12-18 09:00:00'),
(320, 12, '00:04:49', 'Y', '00:00:00', 0, '2024-11-11', 'OUT', '2024-12-18 09:00:00'),
(321, 12, '15:53:36', 'Y', '00:00:00', 0, '2024-11-12', 'IN', '2024-12-18 09:00:00'),
(322, 12, '00:06:56', 'Y', '00:00:00', 0, '2024-11-12', 'OUT', '2024-12-18 09:00:00'),
(323, 12, '15:52:11', 'Y', '00:00:00', 0, '2024-11-13', 'IN', '2024-12-18 09:00:00'),
(324, 12, '00:01:45', 'Y', '00:00:00', 0, '2024-11-13', 'OUT', '2024-12-18 09:00:00'),
(325, 12, '15:50:59', 'Y', '00:00:00', 0, '2024-11-14', 'IN', '2024-12-18 09:00:00'),
(326, 12, '00:02:54', 'Y', '00:00:00', 0, '2024-11-14', 'OUT', '2024-12-18 09:00:00'),
(327, 12, '15:55:07', 'Y', '00:00:00', 0, '2024-11-15', 'IN', '2024-12-18 09:00:00'),
(328, 12, '00:00:17', 'Y', '00:00:00', 0, '2024-11-15', 'OUT', '2024-12-18 09:00:00'),
(329, 12, '15:57:08', 'Y', '00:00:00', 0, '2024-11-16', 'IN', '2024-12-18 09:00:00'),
(330, 12, '00:03:56', 'Y', '00:00:00', 0, '2024-11-16', 'OUT', '2024-12-18 09:00:00'),
(331, 12, '15:57:48', 'Y', '00:00:00', 0, '2024-11-17', 'IN', '2024-12-18 09:00:00'),
(332, 12, '00:07:54', 'Y', '00:00:00', 0, '2024-11-17', 'OUT', '2024-12-18 09:00:00'),
(333, 12, '15:52:07', 'Y', '00:00:00', 0, '2024-11-18', 'IN', '2024-12-18 09:00:00'),
(334, 12, '00:05:50', 'Y', '00:00:00', 0, '2024-11-18', 'OUT', '2024-12-18 09:00:00'),
(335, 12, '16:15:08', 'N', '00:15:08', 20000, '2024-11-19', 'IN', '2024-12-18 09:00:00'),
(336, 12, '00:00:55', 'Y', '00:00:00', 0, '2024-11-19', 'OUT', '2024-12-18 09:00:00'),
(337, 12, '15:55:07', 'Y', '00:00:00', 0, '2024-11-20', 'IN', '2024-12-18 09:00:00'),
(338, 12, '00:06:58', 'Y', '00:00:00', 0, '2024-11-20', 'OUT', '2024-12-18 09:00:00'),
(339, 12, '15:54:09', 'Y', '00:00:00', 0, '2024-11-21', 'IN', '2024-12-18 09:00:00'),
(340, 12, '00:01:59', 'Y', '00:00:00', 0, '2024-11-21', 'OUT', '2024-12-18 09:00:00'),
(341, 12, '15:59:10', 'Y', '00:00:00', 0, '2024-11-22', 'IN', '2024-12-18 09:00:00'),
(342, 12, '00:10:06', 'Y', '00:00:00', 0, '2024-11-22', 'OUT', '2024-12-18 09:00:00'),
(343, 12, '15:45:59', 'Y', '00:00:00', 0, '2024-11-23', 'IN', '2024-12-18 09:00:00'),
(344, 12, '00:06:58', 'Y', '00:00:00', 0, '2024-11-23', 'OUT', '2024-12-18 09:00:00'),
(345, 12, '15:53:08', 'Y', '00:00:00', 0, '2024-11-24', 'IN', '2024-12-18 09:00:00'),
(346, 12, '00:05:53', 'Y', '00:00:00', 0, '2024-11-24', 'OUT', '2024-12-18 09:00:00'),
(347, 12, '15:54:19', 'Y', '00:00:00', 0, '2024-11-25', 'IN', '2024-12-18 09:00:00'),
(348, 12, '00:00:58', 'Y', '00:00:00', 0, '2024-11-25', 'OUT', '2024-12-18 09:00:00'),
(349, 12, '15:58:11', 'Y', '00:00:00', 0, '2024-11-26', 'IN', '2024-12-18 09:00:00'),
(350, 12, '00:57:03', 'Y', '00:00:00', 0, '2024-11-26', 'OUT', '2024-12-18 09:00:00'),
(351, 12, '15:53:07', 'Y', '00:00:00', 0, '2024-11-27', 'IN', '2024-12-18 09:00:00'),
(352, 12, '00:02:59', 'Y', '00:00:00', 0, '2024-11-27', 'OUT', '2024-12-18 09:00:00'),
(353, 12, '15:54:05', 'Y', '00:00:00', 0, '2024-11-28', 'IN', '2024-12-18 09:00:00'),
(354, 12, '00:05:23', 'Y', '00:00:00', 0, '2024-11-28', 'OUT', '2024-12-18 09:00:00'),
(355, 12, '15:59:08', 'Y', '00:00:00', 0, '2024-11-29', 'IN', '2024-12-18 09:00:00'),
(356, 12, '00:00:45', 'Y', '00:00:00', 0, '2024-11-29', 'OUT', '2024-12-18 09:00:00'),
(357, 12, '15:56:09', 'Y', '00:00:00', 0, '2024-11-30', 'IN', '2024-12-18 09:00:00'),
(358, 12, '00:04:55', 'Y', '00:00:00', 0, '2024-11-30', 'OUT', '2024-12-18 09:00:00'),
(359, 13, '17:56:09', 'Y', '00:00:00', 0, '2024-11-01', 'IN', '2024-12-18 09:00:00'),
(360, 13, '00:00:56', 'Y', '00:00:00', 0, '2024-11-01', 'OUT', '2024-12-18 09:00:00'),
(361, 13, '17:54:10', 'Y', '00:00:00', 0, '2024-11-02', 'IN', '2024-12-18 09:00:00'),
(362, 13, '00:05:56', 'Y', '00:00:00', 0, '2024-11-02', 'OUT', '2024-12-18 09:00:00'),
(363, 13, '17:58:11', 'Y', '00:00:00', 0, '2024-11-03', 'IN', '2024-12-18 09:00:00'),
(364, 13, '00:04:32', 'Y', '00:00:00', 0, '2024-11-03', 'OUT', '2024-12-18 09:00:00'),
(365, 13, '17:44:50', 'Y', '00:00:00', 0, '2024-11-04', 'IN', '2024-12-18 09:00:00'),
(366, 13, '00:06:17', 'Y', '00:00:00', 0, '2024-11-04', 'OUT', '2024-12-18 09:00:00'),
(367, 13, '17:54:56', 'Y', '00:00:00', 0, '2024-11-05', 'IN', '2024-12-18 09:00:00'),
(368, 13, '00:06:12', 'Y', '00:00:00', 0, '2024-11-05', 'OUT', '2024-12-18 09:00:00'),
(369, 13, '17:56:08', 'Y', '00:00:00', 0, '2024-11-06', 'IN', '2024-12-18 09:00:00'),
(370, 13, '00:01:17', 'Y', '00:00:00', 0, '2024-11-06', 'OUT', '2024-12-18 09:00:00'),
(371, 13, '17:57:09', 'Y', '00:00:00', 0, '2024-11-07', 'IN', '2024-12-18 09:00:00'),
(372, 13, '00:02:27', 'Y', '00:00:00', 0, '2024-11-07', 'OUT', '2024-12-18 09:00:00'),
(373, 13, '17:52:05', 'Y', '00:00:00', 0, '2024-11-08', 'IN', '2024-12-18 09:00:00'),
(374, 13, '00:05:54', 'Y', '00:00:00', 0, '2024-11-08', 'OUT', '2024-12-18 09:00:00'),
(375, 13, '17:55:39', 'Y', '00:00:00', 0, '2024-11-09', 'IN', '2024-12-18 09:00:00'),
(376, 13, '00:01:47', 'Y', '00:00:00', 0, '2024-11-09', 'OUT', '2024-12-18 09:00:00'),
(377, 13, '17:46:08', 'Y', '00:00:00', 0, '2024-11-10', 'IN', '2024-12-18 09:00:00'),
(378, 13, '00:01:57', 'Y', '00:00:00', 0, '2024-11-10', 'OUT', '2024-12-18 09:00:00'),
(379, 13, '17:42:57', 'Y', '00:00:00', 0, '2024-11-11', 'IN', '2024-12-18 09:00:00'),
(380, 13, '00:05:52', 'Y', '00:00:00', 0, '2024-11-11', 'OUT', '2024-12-18 09:00:00'),
(381, 13, '17:55:44', 'Y', '00:00:00', 0, '2024-11-12', 'IN', '2024-12-18 09:00:00'),
(382, 13, '00:05:58', 'Y', '00:00:00', 0, '2024-11-12', 'OUT', '2024-12-18 09:00:00'),
(383, 13, '17:56:01', 'Y', '00:00:00', 0, '2024-11-13', 'IN', '2024-12-18 09:00:00'),
(384, 13, '00:00:07', 'Y', '00:00:00', 0, '2024-11-13', 'OUT', '2024-12-18 09:00:00'),
(385, 13, '17:54:52', 'Y', '00:00:00', 0, '2024-11-14', 'IN', '2024-12-18 09:00:00'),
(386, 13, '00:06:55', 'Y', '00:00:00', 0, '2024-11-14', 'OUT', '2024-12-18 09:00:00'),
(387, 13, '17:58:05', 'Y', '00:00:00', 0, '2024-11-15', 'IN', '2024-12-18 09:00:00'),
(388, 13, '00:01:56', 'Y', '00:00:00', 0, '2024-11-15', 'OUT', '2024-12-18 09:00:00'),
(389, 13, '17:59:02', 'Y', '00:00:00', 0, '2024-11-16', 'IN', '2024-12-18 09:00:00'),
(390, 13, '00:01:45', 'Y', '00:00:00', 0, '2024-11-16', 'OUT', '2024-12-18 09:00:00'),
(391, 13, '17:51:44', 'Y', '00:00:00', 0, '2024-11-17', 'IN', '2024-12-18 09:00:00'),
(392, 13, '00:05:34', 'Y', '00:00:00', 0, '2024-11-17', 'OUT', '2024-12-18 09:00:00'),
(393, 13, '17:58:04', 'Y', '00:00:00', 0, '2024-11-18', 'IN', '2024-12-18 09:00:00'),
(394, 13, '00:03:45', 'Y', '00:00:00', 0, '2024-11-18', 'OUT', '2024-12-18 09:00:00'),
(395, 13, '17:56:17', 'Y', '00:00:00', 0, '2024-11-19', 'IN', '2024-12-18 09:00:00'),
(396, 13, '00:02:57', 'Y', '00:00:00', 0, '2024-11-19', 'OUT', '2024-12-18 09:00:00'),
(397, 13, '18:15:09', 'Y', '00:00:00', 0, '2024-11-20', 'IN', '2024-12-18 09:00:00'),
(398, 13, '00:00:45', 'Y', '00:00:00', 0, '2024-11-20', 'OUT', '2024-12-18 09:00:00'),
(399, 13, '17:54:49', 'Y', '00:00:00', 0, '2024-11-21', 'IN', '2024-12-18 09:00:00'),
(400, 13, '00:00:25', 'Y', '00:00:00', 0, '2024-11-21', 'OUT', '2024-12-18 09:00:00'),
(401, 13, '17:56:02', 'Y', '00:00:00', 0, '2024-11-22', 'IN', '2024-12-18 09:00:00'),
(402, 13, '00:04:16', 'Y', '00:00:00', 0, '2024-11-22', 'OUT', '2024-12-18 09:00:00'),
(403, 13, '17:57:19', 'Y', '00:00:00', 0, '2024-11-23', 'IN', '2024-12-18 09:00:00'),
(404, 13, '00:00:45', 'Y', '00:00:00', 0, '2024-11-23', 'OUT', '2024-12-18 09:00:00'),
(405, 13, '17:45:56', 'Y', '00:00:00', 0, '2024-11-24', 'IN', '2024-12-18 09:00:00'),
(406, 13, '00:04:46', 'Y', '00:00:00', 0, '2024-11-24', 'OUT', '2024-12-18 09:00:00'),
(407, 13, '17:50:16', 'Y', '00:00:00', 0, '2024-11-25', 'IN', '2024-12-18 09:00:00'),
(408, 13, '00:00:40', 'Y', '00:00:00', 0, '2024-11-25', 'OUT', '2024-12-18 09:00:00'),
(409, 13, '17:59:04', 'Y', '00:00:00', 0, '2024-11-26', 'IN', '2024-12-18 09:00:00'),
(410, 13, '00:03:54', 'Y', '00:00:00', 0, '2024-11-26', 'OUT', '2024-12-18 09:00:00'),
(411, 13, '17:54:09', 'Y', '00:00:00', 0, '2024-11-28', 'IN', '2024-12-18 09:00:00'),
(412, 13, '00:07:54', 'Y', '00:00:00', 0, '2024-11-28', 'OUT', '2024-12-18 09:00:00'),
(413, 13, '17:58:11', 'Y', '00:00:00', 0, '2024-11-29', 'IN', '2024-12-18 09:00:00'),
(414, 13, '00:10:24', 'Y', '00:00:00', 0, '2024-11-29', 'OUT', '2024-12-18 09:00:00'),
(415, 13, '17:54:05', 'Y', '00:00:00', 0, '2024-11-30', 'IN', '2024-12-18 09:00:00'),
(416, 13, '00:07:48', 'Y', '00:00:00', 0, '2024-11-30', 'OUT', '2024-12-18 09:00:00'),
(417, 15, '17:56:09', 'Y', '00:00:00', 0, '2024-11-01', 'IN', '2024-12-18 09:00:00'),
(418, 15, '00:02:55', 'Y', '00:00:00', 0, '2024-11-01', 'OUT', '2024-12-18 09:00:00'),
(419, 15, '17:45:08', 'Y', '00:00:00', 0, '2024-11-02', 'IN', '2024-12-18 09:00:00'),
(420, 15, '00:00:54', 'Y', '00:00:00', 0, '2024-11-02', 'OUT', '2024-12-18 09:00:00'),
(421, 15, '17:54:14', 'Y', '00:00:00', 0, '2024-11-03', 'IN', '2024-12-18 09:00:00'),
(422, 15, '00:11:03', 'Y', '00:00:00', 0, '2024-11-03', 'OUT', '2024-12-18 09:00:00'),
(423, 15, '17:56:44', 'Y', '00:00:00', 0, '2024-11-04', 'IN', '2024-12-18 09:00:00'),
(424, 15, '00:05:45', 'Y', '00:00:00', 0, '2024-11-04', 'OUT', '2024-12-18 09:00:00'),
(425, 15, '17:59:09', 'Y', '00:00:00', 0, '2024-11-05', 'IN', '2024-12-18 09:00:00'),
(426, 15, '00:04:55', 'Y', '00:00:00', 0, '2024-11-05', 'OUT', '2024-12-18 09:00:00'),
(427, 15, '17:55:30', 'Y', '00:00:00', 0, '2024-11-06', 'IN', '2024-12-18 09:00:00'),
(428, 15, '00:02:54', 'Y', '00:00:00', 0, '2024-11-06', 'OUT', '2024-12-18 09:00:00'),
(429, 15, '17:53:00', 'Y', '00:00:00', 0, '2024-11-07', 'IN', '2024-12-18 09:00:00'),
(430, 15, '00:06:34', 'Y', '00:00:00', 0, '2024-11-07', 'OUT', '2024-12-18 09:00:00'),
(431, 15, '17:50:54', 'Y', '00:00:00', 0, '2024-11-08', 'IN', '2024-12-18 09:00:00'),
(432, 15, '00:01:34', 'Y', '00:00:00', 0, '2024-11-08', 'OUT', '2024-12-18 09:00:00'),
(433, 15, '17:54:55', 'Y', '00:00:00', 0, '2024-11-09', 'IN', '2024-12-18 09:00:00'),
(434, 15, '00:00:56', 'Y', '00:00:00', 0, '2024-11-09', 'OUT', '2024-12-18 09:00:00'),
(435, 15, '17:57:11', 'Y', '00:00:00', 0, '2024-11-10', 'IN', '2024-12-18 09:00:00'),
(436, 15, '00:10:23', 'Y', '00:00:00', 0, '2024-11-10', 'OUT', '2024-12-18 09:00:00'),
(437, 15, '17:58:23', 'Y', '00:00:00', 0, '2024-11-11', 'IN', '2024-12-18 09:00:00'),
(438, 15, '00:04:11', 'Y', '00:00:00', 0, '2024-11-11', 'OUT', '2024-12-18 09:00:00'),
(439, 15, '17:52:06', 'Y', '00:00:00', 0, '2024-11-12', 'IN', '2024-12-18 09:00:00'),
(440, 15, '00:01:55', 'Y', '00:00:00', 0, '2024-11-12', 'OUT', '2024-12-18 09:00:00'),
(441, 15, '17:55:10', 'Y', '00:00:00', 0, '2024-11-13', 'IN', '2024-12-18 09:00:00'),
(442, 15, '00:12:09', 'Y', '00:00:00', 0, '2024-11-13', 'OUT', '2024-12-18 09:00:00'),
(443, 15, '17:59:45', 'Y', '00:00:00', 0, '2024-11-14', 'IN', '2024-12-18 09:00:00'),
(444, 15, '00:01:08', 'Y', '00:00:00', 0, '2024-11-14', 'OUT', '2024-12-18 09:00:00'),
(445, 15, '17:54:09', 'Y', '00:00:00', 0, '2024-11-15', 'IN', '2024-12-18 09:00:00'),
(446, 15, '00:00:51', 'Y', '00:00:00', 0, '2024-11-15', 'OUT', '2024-12-18 09:00:00'),
(447, 15, '17:56:47', 'Y', '00:00:00', 0, '2024-11-16', 'IN', '2024-12-18 09:00:00'),
(448, 15, '00:09:43', 'Y', '00:00:00', 0, '2024-11-16', 'OUT', '2024-12-18 09:00:00'),
(449, 15, '17:57:08', 'Y', '00:00:00', 0, '2024-11-17', 'IN', '2024-12-18 09:00:00'),
(450, 15, '00:04:45', 'Y', '00:00:00', 0, '2024-11-17', 'OUT', '2024-12-18 09:00:00'),
(451, 15, '17:58:33', 'Y', '00:00:00', 0, '2024-11-18', 'IN', '2024-12-18 09:00:00'),
(452, 15, '00:04:46', 'Y', '00:00:00', 0, '2024-11-18', 'OUT', '2024-12-18 09:00:00'),
(453, 15, '17:48:03', 'Y', '00:00:00', 0, '2024-11-19', 'IN', '2024-12-18 09:00:00'),
(454, 15, '00:01:45', 'Y', '00:00:00', 0, '2024-11-19', 'OUT', '2024-12-18 09:00:00'),
(455, 15, '17:58:15', 'Y', '00:00:00', 0, '2024-11-20', 'IN', '2024-12-18 09:00:00'),
(456, 15, '00:02:18', 'Y', '00:00:00', 0, '2024-11-20', 'OUT', '2024-12-18 09:00:00'),
(457, 15, '17:55:07', 'Y', '00:00:00', 0, '2024-11-21', 'IN', '2024-12-18 09:00:00'),
(458, 15, '00:02:54', 'Y', '00:00:00', 0, '2024-11-21', 'OUT', '2024-12-18 09:00:00'),
(459, 15, '17:59:28', 'Y', '00:00:00', 0, '2024-11-22', 'IN', '2024-12-18 09:00:00'),
(460, 15, '00:04:56', 'Y', '00:00:00', 0, '2024-11-22', 'OUT', '2024-12-18 09:00:00'),
(461, 15, '17:54:12', 'Y', '00:00:00', 0, '2024-11-23', 'IN', '2024-12-18 09:00:00'),
(462, 15, '00:00:19', 'Y', '00:00:00', 0, '2024-11-23', 'OUT', '2024-12-18 09:00:00'),
(463, 15, '17:56:45', 'Y', '00:00:00', 0, '2024-11-24', 'IN', '2024-12-18 09:00:00'),
(464, 15, '00:02:34', 'Y', '00:00:00', 0, '2024-11-24', 'OUT', '2024-12-18 09:00:00'),
(465, 15, '17:59:06', 'Y', '00:00:00', 0, '2024-11-25', 'IN', '2024-12-18 09:00:00'),
(466, 15, '00:02:59', 'Y', '00:00:00', 0, '2024-11-25', 'OUT', '2024-12-18 09:00:00'),
(467, 15, '17:53:11', 'Y', '00:00:00', 0, '2024-11-26', 'IN', '2024-12-18 09:00:00'),
(468, 15, '00:52:17', 'Y', '00:00:00', 0, '2024-11-26', 'OUT', '2024-12-18 09:00:00'),
(469, 15, '17:58:41', 'Y', '00:00:00', 0, '2024-11-27', 'IN', '2024-12-18 09:00:00'),
(470, 15, '00:06:10', 'Y', '00:00:00', 0, '2024-11-27', 'OUT', '2024-12-18 09:00:00'),
(471, 15, '17:52:09', 'Y', '00:00:00', 0, '2024-11-28', 'IN', '2024-12-18 09:00:00'),
(472, 15, '00:01:59', 'Y', '00:00:00', 0, '2024-11-28', 'OUT', '2024-12-18 09:00:00'),
(473, 15, '17:55:48', 'Y', '00:00:00', 0, '2024-11-29', 'IN', '2024-12-18 09:00:00'),
(474, 15, '00:03:56', 'Y', '00:00:00', 0, '2024-11-29', 'OUT', '2024-12-18 09:00:00'),
(475, 15, '17:42:08', 'Y', '00:00:00', 0, '2024-11-30', 'IN', '2024-12-18 09:00:00'),
(476, 15, '00:05:34', 'Y', '00:00:00', 0, '2024-11-30', 'OUT', '2024-12-18 09:00:00'),
(477, 7, '11:21:01', 'N', '02:51:00', 60000, '2024-12-19', 'IN', '2024-12-19 11:21:01'),
(478, 11, '11:44:52', 'Y', '00:00:00', 0, '2024-12-19', 'IN', '2024-12-19 11:44:52'),
(479, 11, '11:44:56', 'N', '12:15:00', 100000, '2024-12-19', 'OUT', '2024-12-19 11:44:56'),
(480, 15, '03:51:55', 'Y', '00:00:00', 0, '2024-12-19', 'IN', '2024-12-19 03:51:55');

-- --------------------------------------------------------

--
-- Struktur dari tabel `accgaji`
--

CREATE TABLE `accgaji` (
  `id_acc` int(5) NOT NULL,
  `tgl_acc` date NOT NULL,
  `real_acc` datetime NOT NULL
) ENGINE=InnoDB DEFAULT CHARSET=utf8mb4 COLLATE=utf8mb4_general_ci;

-- --------------------------------------------------------

--
-- Struktur dari tabel `history_shift`
--

CREATE TABLE `history_shift` (
  `id_h_s` int(3) NOT NULL,
  `id_karyawan` int(2) NOT NULL,
  `id_jam` int(2) NOT NULL,
  `time_up_h` datetime NOT NULL
) ENGINE=InnoDB DEFAULT CHARSET=utf8mb4 COLLATE=utf8mb4_general_ci;

--
-- Dumping data untuk tabel `history_shift`
--

INSERT INTO `history_shift` (`id_h_s`, `id_karyawan`, `id_jam`, `time_up_h`) VALUES
(1, 4, 4, '2024-12-15 09:36:15'),
(2, 4, 3, '2024-12-15 09:38:27'),
(3, 5, 4, '2024-12-15 20:25:11'),
(4, 15, 5, '2024-12-16 09:37:39'),
(5, 14, 5, '2024-12-16 09:38:20'),
(6, 13, 5, '2024-12-16 09:38:27'),
(7, 12, 4, '2024-12-16 09:39:07'),
(8, 11, 4, '2024-12-16 09:39:14'),
(9, 10, 4, '2024-12-16 09:39:26'),
(10, 9, 3, '2024-12-16 09:39:43'),
(11, 8, 3, '2024-12-16 09:39:54'),
(12, 7, 3, '2024-12-16 09:40:03');

-- --------------------------------------------------------

--
-- Struktur dari tabel `ijin`
--

CREATE TABLE `ijin` (
  `id_ijin` int(5) NOT NULL,
  `id_karyawan` int(3) NOT NULL,
  `tgl_ijin` date NOT NULL,
  `ket_ijin` text NOT NULL,
  `file_name` text NOT NULL,
  `file_size` text NOT NULL,
  `file_type` text NOT NULL,
  `real_ijin` datetime NOT NULL,
  `acc` varchar(2) NOT NULL,
  `id_kk` int(3) NOT NULL
) ENGINE=InnoDB DEFAULT CHARSET=utf8mb4 COLLATE=utf8mb4_general_ci;

--
-- Dumping data untuk tabel `ijin`
--

INSERT INTO `ijin` (`id_ijin`, `id_karyawan`, `tgl_ijin`, `ket_ijin`, `file_name`, `file_size`, `file_type`, `real_ijin`, `acc`, `id_kk`) VALUES
(16, 4, '2024-12-09', 'coba', '0b78b2259cef09f87f57e36aeced0b0967f2991f10ea9dcdda8bfe04c66d2e8a.jpg', '1800706', 'image/jpeg', '2024-12-15 11:16:52', 'Y', 0),
(17, 8, '2024-11-20', 'sakit', '1a3b60ce99c44e3de7b5a2c2a3d7963bb4b4f78632263e65e796eb86e99fddcf.png', '1983', 'image/png', '2024-12-16 09:43:24', '', 0);

-- --------------------------------------------------------

--
-- Struktur dari tabel `jabatan`
--

CREATE TABLE `jabatan` (
  `id_jabatan` int(2) NOT NULL,
  `jabatan` text NOT NULL,
  `k_jabatan` text NOT NULL,
  `gaji` int(15) NOT NULL
) ENGINE=InnoDB DEFAULT CHARSET=utf8mb4 COLLATE=utf8mb4_general_ci;

--
-- Dumping data untuk tabel `jabatan`
--

INSERT INTO `jabatan` (`id_jabatan`, `jabatan`, `k_jabatan`, `gaji`) VALUES
(1, 'administrator', 'Administrator', 0),
(2, 'pimpinan', 'Pimpinan', 0),
(8, 'staff barista', 'staff barista', 3000000),
(9, 'head barista', 'head barista', 3500000);

-- --------------------------------------------------------

--
-- Struktur dari tabel `jam`
--

CREATE TABLE `jam` (
  `id_jam` int(2) NOT NULL,
  `id_jabatan` int(2) NOT NULL,
  `nama_shift` text NOT NULL,
  `jam_in` time NOT NULL,
  `jam_out` time NOT NULL,
  `selisih_jam` varchar(6) NOT NULL
) ENGINE=InnoDB DEFAULT CHARSET=utf8mb4 COLLATE=utf8mb4_general_ci;

--
-- Dumping data untuk tabel `jam`
--

INSERT INTO `jam` (`id_jam`, `id_jabatan`, `nama_shift`, `jam_in`, `jam_out`, `selisih_jam`) VALUES
(3, 8, 'Shift 1', '10:00:00', '16:00:00', '6:0'),
(4, 0, 'Shift 2', '16:00:00', '24:00:00', '8:0'),
(5, 0, 'Shift 3', '18:00:00', '24:00:00', '6:0');

-- --------------------------------------------------------

--
-- Struktur dari tabel `karyawan`
--

CREATE TABLE `karyawan` (
  `id_karyawan` int(2) NOT NULL,
  `nama_karyawan` text NOT NULL,
  `username` text NOT NULL,
  `password` text NOT NULL,
  `no_telfon_k` text NOT NULL,
  `alamat_karyawan` text NOT NULL,
  `email_k` text NOT NULL
) ENGINE=InnoDB DEFAULT CHARSET=utf8mb4 COLLATE=utf8mb4_general_ci;

--
-- Dumping data untuk tabel `karyawan`
--

INSERT INTO `karyawan` (`id_karyawan`, `nama_karyawan`, `username`, `password`, `no_telfon_k`, `alamat_karyawan`, `email_k`) VALUES
(1, 'administrator', 'admin', 'admina', '', '', ''),
(7, 'Brilly', 'Brilly425', '425brilly', '081231657180', 'Dk, Kramat \r\n', 'brilly425@gmail.com'),
(8, 'Diana', 'Diana425', '425diana', '081230188787', 'Ketintang Baru\r\n\r\n', 'diana425@gmail.com'),
(9, 'Katrina', 'Katrina425', '425katrina', '085784588917', 'Dk. Gemol', 'katrina425@gmail.com'),
(10, 'Fahmi', 'Fahmi425', '425fahmi', '085797862435', 'Babatan Indah', 'fahmi425@gmail.com'),
(11, 'Ana', 'Ana425', '425ana', '081357698225', 'Lidah Wetan', 'ana425@gmail.com'),
(12, 'Sintya', 'Sintya425', '425sintya', '085764789367', 'Gayungan', 'sintya425@gmail.com'),
(13, 'Reyhan', 'Reyhan425', '425reyhan', '081245768980', 'Wonokromo', 'reyhan425@gmail.com'),
(14, 'Firdaus', 'Firdaus425', '425firdaus', '085798763425', 'Ketintang Barat', 'firdaus425@gmail.com'),
(15, 'Anugrah', 'Anugrah425', '425anugrah', '081657876234', 'Ketintang Baru', 'anugrah425@gmail.com');

-- --------------------------------------------------------

--
-- Struktur dari tabel `lembur`
--

CREATE TABLE `lembur` (
  `id_lembur` int(3) NOT NULL,
  `id_karyawan` int(3) NOT NULL,
  `tgl_lembur` date NOT NULL,
  `jam_in_lbr` time NOT NULL,
  `jam_out_lbr` time NOT NULL,
  `ket_lbr` text NOT NULL,
  `real_in_lbr` datetime NOT NULL,
  `acc_lbr` varchar(1) NOT NULL,
  `id_at` int(2) NOT NULL
) ENGINE=InnoDB DEFAULT CHARSET=utf8mb4 COLLATE=utf8mb4_general_ci;

--
-- Dumping data untuk tabel `lembur`
--

INSERT INTO `lembur` (`id_lembur`, `id_karyawan`, `tgl_lembur`, `jam_in_lbr`, `jam_out_lbr`, `ket_lbr`, `real_in_lbr`, `acc_lbr`, `id_at`) VALUES
(2, 4, '2024-12-07', '16:30:00', '20:30:00', 'coba123', '2024-12-10 14:17:06', 'Y', 0),
(3, 4, '2024-12-10', '16:00:00', '20:00:00', 'coba', '2024-12-11 10:44:23', 'Y', 0),
(4, 4, '2024-11-30', '16:00:00', '20:30:00', 'asdas', '2024-12-11 10:45:01', '', 0);

-- --------------------------------------------------------

--
-- Struktur dari tabel `login`
--

CREATE TABLE `login` (
  `id_login` int(11) NOT NULL,
  `id_karyawan` int(2) NOT NULL,
  `status_log` varchar(1) NOT NULL,
  `time` datetime NOT NULL
) ENGINE=InnoDB DEFAULT CHARSET=utf8mb4 COLLATE=utf8mb4_general_ci;

--
-- Dumping data untuk tabel `login`
--

INSERT INTO `login` (`id_login`, `id_karyawan`, `status_log`, `time`) VALUES
(102, 1, 'L', '2024-12-15 22:12:22'),
(103, 0, 'O', '2024-12-15 22:12:34'),
(104, 7, 'L', '2024-12-15 22:12:45'),
(105, 0, 'O', '2024-12-15 22:27:25'),
(106, 4, 'L', '2024-12-15 22:27:31'),
(107, 1, 'L', '2024-12-15 22:53:40'),
(108, 1, 'L', '2024-12-16 09:25:53'),
(109, 1, 'L', '2024-12-16 09:37:21'),
(110, 0, 'O', '2024-12-16 09:40:39'),
(111, 11, 'L', '2024-12-16 09:40:48'),
(112, 0, 'O', '2024-12-16 09:42:07'),
(113, 8, 'L', '2024-12-16 09:42:16'),
(114, 0, 'O', '2024-12-16 13:50:13'),
(115, 1, 'L', '2024-12-16 13:52:16'),
(116, 0, 'O', '2024-12-16 14:04:41'),
(117, 7, 'L', '2024-12-16 14:34:53'),
(118, 0, 'O', '2024-12-16 14:35:32'),
(119, 10, 'L', '2024-12-16 14:35:41'),
(120, 0, 'O', '2024-12-16 15:51:27'),
(121, 12, 'L', '2024-12-16 15:51:50'),
(122, 0, 'O', '2024-12-16 15:52:17'),
(123, 12, 'L', '2024-12-16 15:52:54'),
(124, 0, 'O', '2024-12-16 15:53:29'),
(125, 10, 'L', '2024-12-16 15:53:43'),
(126, 0, 'O', '2024-12-16 15:53:56'),
(127, 11, 'L', '2024-12-16 15:54:10'),
(128, 0, 'O', '2024-12-16 15:54:58'),
(129, 7, 'L', '2024-12-17 09:45:27'),
(130, 0, 'O', '2024-12-17 09:47:01'),
(131, 8, 'L', '2024-12-17 09:47:22'),
(132, 0, 'O', '2024-12-17 10:15:05'),
(133, 9, 'L', '2024-12-17 10:15:26'),
(134, 0, 'O', '2024-12-17 10:16:13'),
(135, 1, 'L', '2024-12-17 10:16:21'),
(136, 0, 'O', '2024-12-17 15:40:53'),
(137, 10, 'L', '2024-12-17 15:41:07'),
(138, 0, 'O', '2024-12-17 15:42:02'),
(139, 11, 'L', '2024-12-17 15:42:26'),
(140, 0, 'O', '2024-12-17 15:51:07'),
(141, 12, 'L', '2024-12-17 15:51:22'),
(142, 0, 'O', '2024-12-17 15:52:17'),
(143, 8, 'L', '2024-12-17 16:06:40'),
(144, 0, 'O', '2024-12-17 16:06:57'),
(145, 9, 'L', '2024-12-17 16:07:06'),
(146, 0, 'O', '2024-12-17 16:11:38'),
(147, 7, 'L', '2024-12-17 16:11:53'),
(148, 0, 'O', '2024-12-17 23:28:19'),
(149, 1, 'L', '2024-12-17 23:28:30'),
(150, 0, 'O', '2024-12-17 23:49:20'),
(151, 10, 'L', '2024-12-17 23:49:41'),
(152, 0, 'O', '2024-12-18 00:00:18'),
(153, 1, 'L', '2024-12-18 00:00:30'),
(154, 1, 'L', '2024-12-18 12:37:15'),
(155, 1, 'L', '2024-12-18 12:41:58'),
(156, 1, 'L', '2024-12-18 12:43:12'),
(157, 1, 'L', '2024-12-18 12:44:22'),
(158, 1, 'L', '2024-12-18 20:17:45'),
(159, 0, 'O', '2024-12-18 21:35:29'),
(160, 7, 'L', '2024-12-18 21:36:00'),
(161, 0, 'O', '2024-12-19 00:06:49'),
(162, 1, 'L', '2024-12-19 00:06:59'),
(163, 1, 'L', '2024-12-19 10:10:37'),
(164, 0, 'O', '2024-12-19 11:11:30'),
(165, 7, 'L', '2024-12-19 11:11:39'),
(166, 0, 'O', '2024-12-19 11:18:40'),
(167, 1, 'L', '2024-12-19 11:18:53'),
(168, 0, 'O', '2024-12-19 11:20:49'),
(169, 7, 'L', '2024-12-19 11:20:57'),
(170, 0, 'O', '2024-12-19 11:26:41'),
(171, 1, 'L', '2024-12-19 11:26:50'),
(172, 0, 'O', '2024-12-19 11:44:21'),
(173, 11, 'L', '2024-12-19 11:44:43'),
(174, 0, 'O', '2024-12-19 11:50:19'),
(175, 1, 'L', '2024-12-19 11:50:39'),
(176, 0, 'O', '2024-12-19 12:08:06'),
(177, 11, 'L', '2024-12-19 12:08:14'),
(178, 0, 'O', '2024-12-19 13:43:39'),
(179, 1, 'L', '2024-12-19 13:43:47'),
(180, 11, 'L', '2024-12-19 14:47:00'),
(181, 15, 'L', '2024-12-19 15:51:02'),
(182, 15, 'L', '2024-12-19 16:04:31'),
(183, 0, 'O', '2024-12-19 18:31:37'),
(184, 13, 'L', '2024-12-19 18:31:54'),
(185, 7, 'L', '2024-12-21 11:13:06'),
(186, 0, 'O', '2024-12-21 11:13:37'),
(187, 1, 'L', '2024-12-21 11:13:46'),
(188, 1, 'L', '2024-12-23 13:51:58'),
(189, 1, 'L', '2024-12-24 14:58:59');

-- --------------------------------------------------------

--
-- Struktur dari tabel `shift`
--

CREATE TABLE `shift` (
  `id_shift` int(2) NOT NULL,
  `id_karyawan` int(2) NOT NULL,
  `id_jam` int(2) NOT NULL,
  `time_up` datetime NOT NULL
) ENGINE=InnoDB DEFAULT CHARSET=utf8mb4 COLLATE=utf8mb4_general_ci;

--
-- Dumping data untuk tabel `shift`
--

INSERT INTO `shift` (`id_shift`, `id_karyawan`, `id_jam`, `time_up`) VALUES
(1, 6, 3, '2024-12-15 08:49:37'),
(2, 4, 3, '2024-12-15 09:38:27'),
(3, 5, 4, '2024-12-15 20:25:11'),
(4, 15, 5, '2024-12-16 09:37:39'),
(5, 14, 5, '2024-12-16 09:38:20'),
(6, 13, 5, '2024-12-16 09:38:27'),
(7, 12, 4, '2024-12-16 09:39:07'),
(8, 11, 4, '2024-12-16 09:39:14'),
(9, 10, 4, '2024-12-16 09:39:26'),
(10, 9, 3, '2024-12-16 09:39:43'),
(11, 8, 3, '2024-12-16 09:39:54'),
(12, 7, 3, '2024-12-16 09:40:03');

-- --------------------------------------------------------

--
-- Struktur dari tabel `user`
--

CREATE TABLE `user` (
  `id_user` int(2) NOT NULL,
  `id_jabatan` int(2) NOT NULL,
  `id_karyawan` int(2) NOT NULL,
  `status_us` varchar(1) NOT NULL,
  `onn_u` datetime NOT NULL,
  `off_u` datetime NOT NULL
) ENGINE=InnoDB DEFAULT CHARSET=utf8mb4 COLLATE=utf8mb4_general_ci;

--
-- Dumping data untuk tabel `user`
--

INSERT INTO `user` (`id_user`, `id_jabatan`, `id_karyawan`, `status_us`, `onn_u`, `off_u`) VALUES
(2, 1, 1, 'Y', '2024-12-24 14:58:59', '2024-12-19 18:31:37'),
(5, 8, 4, 'Y', '2024-12-15 22:27:31', '2024-12-15 21:45:16'),
(8, 9, 7, 'N', '2024-12-21 11:13:06', '2024-12-21 11:13:37'),
(9, 8, 8, 'N', '2024-12-17 16:06:40', '2024-12-17 16:06:57'),
(10, 8, 9, 'N', '2024-12-17 16:07:06', '2024-12-17 16:11:38'),
(11, 8, 10, 'N', '2024-12-17 23:49:41', '2024-12-18 00:00:18'),
(12, 8, 11, 'Y', '2024-12-19 14:47:00', '2024-12-19 13:43:39'),
(13, 8, 12, 'N', '2024-12-17 15:51:22', '2024-12-17 15:52:17'),
(14, 8, 13, 'Y', '2024-12-19 18:31:54', '0000-00-00 00:00:00'),
(15, 8, 14, '', '0000-00-00 00:00:00', '0000-00-00 00:00:00'),
(16, 8, 15, 'Y', '2024-12-19 16:04:31', '0000-00-00 00:00:00');

--
-- Indexes for dumped tables
--

--
-- Indeks untuk tabel `absen`
--
ALTER TABLE `absen`
  ADD PRIMARY KEY (`id_absen`);

--
-- Indeks untuk tabel `accgaji`
--
ALTER TABLE `accgaji`
  ADD PRIMARY KEY (`id_acc`);

--
-- Indeks untuk tabel `history_shift`
--
ALTER TABLE `history_shift`
  ADD PRIMARY KEY (`id_h_s`);

--
-- Indeks untuk tabel `ijin`
--
ALTER TABLE `ijin`
  ADD PRIMARY KEY (`id_ijin`);

--
-- Indeks untuk tabel `jabatan`
--
ALTER TABLE `jabatan`
  ADD PRIMARY KEY (`id_jabatan`);

--
-- Indeks untuk tabel `jam`
--
ALTER TABLE `jam`
  ADD PRIMARY KEY (`id_jam`);

--
-- Indeks untuk tabel `karyawan`
--
ALTER TABLE `karyawan`
  ADD PRIMARY KEY (`id_karyawan`);

--
-- Indeks untuk tabel `lembur`
--
ALTER TABLE `lembur`
  ADD PRIMARY KEY (`id_lembur`);

--
-- Indeks untuk tabel `login`
--
ALTER TABLE `login`
  ADD PRIMARY KEY (`id_login`);

--
-- Indeks untuk tabel `shift`
--
ALTER TABLE `shift`
  ADD PRIMARY KEY (`id_shift`);

--
-- Indeks untuk tabel `user`
--
ALTER TABLE `user`
  ADD PRIMARY KEY (`id_user`);

--
-- AUTO_INCREMENT untuk tabel yang dibuang
--

--
-- AUTO_INCREMENT untuk tabel `absen`
--
ALTER TABLE `absen`
  MODIFY `id_absen` int(5) NOT NULL AUTO_INCREMENT, AUTO_INCREMENT=481;

--
-- AUTO_INCREMENT untuk tabel `accgaji`
--
ALTER TABLE `accgaji`
  MODIFY `id_acc` int(5) NOT NULL AUTO_INCREMENT, AUTO_INCREMENT=3;

--
-- AUTO_INCREMENT untuk tabel `history_shift`
--
ALTER TABLE `history_shift`
  MODIFY `id_h_s` int(3) NOT NULL AUTO_INCREMENT, AUTO_INCREMENT=13;

--
-- AUTO_INCREMENT untuk tabel `ijin`
--
ALTER TABLE `ijin`
  MODIFY `id_ijin` int(5) NOT NULL AUTO_INCREMENT, AUTO_INCREMENT=18;

--
-- AUTO_INCREMENT untuk tabel `jabatan`
--
ALTER TABLE `jabatan`
  MODIFY `id_jabatan` int(2) NOT NULL AUTO_INCREMENT, AUTO_INCREMENT=10;

--
-- AUTO_INCREMENT untuk tabel `jam`
--
ALTER TABLE `jam`
  MODIFY `id_jam` int(2) NOT NULL AUTO_INCREMENT, AUTO_INCREMENT=6;

--
-- AUTO_INCREMENT untuk tabel `karyawan`
--
ALTER TABLE `karyawan`
  MODIFY `id_karyawan` int(2) NOT NULL AUTO_INCREMENT, AUTO_INCREMENT=16;

--
-- AUTO_INCREMENT untuk tabel `lembur`
--
ALTER TABLE `lembur`
  MODIFY `id_lembur` int(3) NOT NULL AUTO_INCREMENT, AUTO_INCREMENT=5;

--
-- AUTO_INCREMENT untuk tabel `login`
--
ALTER TABLE `login`
  MODIFY `id_login` int(11) NOT NULL AUTO_INCREMENT, AUTO_INCREMENT=190;

--
-- AUTO_INCREMENT untuk tabel `shift`
--
ALTER TABLE `shift`
  MODIFY `id_shift` int(2) NOT NULL AUTO_INCREMENT, AUTO_INCREMENT=13;

--
-- AUTO_INCREMENT untuk tabel `user`
--
ALTER TABLE `user`
  MODIFY `id_user` int(2) NOT NULL AUTO_INCREMENT, AUTO_INCREMENT=17;
COMMIT;

/*!40101 SET CHARACTER_SET_CLIENT=@OLD_CHARACTER_SET_CLIENT */;
/*!40101 SET CHARACTER_SET_RESULTS=@OLD_CHARACTER_SET_RESULTS */;
/*!40101 SET COLLATION_CONNECTION=@OLD_COLLATION_CONNECTION */;
